,court_name,memo_context,vote_split,majority_opinion,dissent_opinion,outcome,full_transcript,individual_votes
0,2026 Court,Neutral,3-6,"In deciding the case of Dobbs v. Jackson Women's Health Organization, the majority of this Court, composed of Justices Roberts, Jackson, and Sotomayor, adheres to a restrained and methodical interpretation of constitutional principles, consistent with our judicial responsibility to apply the law as it is written. At the heart of this case is the question of whether the Constitution inherently protects the right to an abortion and whether the precedents set by Roe v. Wade and Planned Parenthood v. Casey should be overruled. Our decision rests on the examination of whether the right to an abortion is ""deeply rooted in this Nation's history and tradition"" as required for the recognition of an unenumerated right. This analysis demands fidelity to the text and structure of the Constitution, while also considering historical context and the practical implications of our ruling.

In our deliberations, we have given careful consideration to the arguments presented by both parties, as well as the perspectives of our fellow Justices. While some emphasize a strict adherence to originalism and textualism, our majority opinion appreciates the necessity of balancing these principles with a broader understanding of legislative context and precedent. This approach allows us to align our interpretations with contemporary realities, ensuring that the law serves its intended purpose and resonates with the lived experiences of those it affects. We acknowledge the importance of precedent in guiding judicial decision-making; however, we must not shy away from re-evaluating past decisions when they appear misaligned with constitutional principles and societal progress.

In accordance with our duty to apply the law faithfully and preserve the integrity of the judicial process, we conclude that the authority to regulate abortion should be returned to the people and their elected representatives. This decision respects the democratic process and acknowledges that the Constitution does not explicitly enshrine a right to abortion. By adhering to a restrained approach and focusing on the necessity of resolving the case at hand, we seek to preserve the Court's credibility and prevent judicial overreach. In doing so, we uphold the rule of law and ensure that our interpretation remains consistent with both the letter and spirit of the Constitution.","In dissenting from the majority opinion, it is imperative to underscore the foundational principle that our role as justices is to interpret the law as it is written, not as we might wish it to be. The majority, in this instance, has overstepped its judicial boundaries by prioritizing a subjective interpretation of legislative intent and contemporary policy outcomes over the clear and unambiguous text of the statute at hand. This approach not only undermines the rule of law but also threatens to erode the democratic process by allowing judicial preferences to supplant the will of the legislature. As Justice Roberts rightly emphasized in the conference debate, our duty is to adhere to the text and structure of the statute as the primary guide in our interpretation, ensuring fidelity to the Constitution and established legal principles. The majority's decision to deviate from this restrained approach risks setting a precedent where courts can reshape laws under the guise of interpretation, thereby diminishing the public's trust in our judicial system.

Furthermore, the majority's reliance on legislative intent and broader implications over the statute's plain meaning represents a concerning departure from the principles of textualism and originalism that should guide our judicial philosophy. As Justice Gorsuch aptly noted, our task is to discern how the law would have been understood at the time of its enactment, without being swayed by contemporary policy outcomes or subjective interpretations. The majority's decision, by contrast, places undue weight on these external factors, neglecting the statute's clear language and the original understanding that should anchor our interpretation. This not only undermines the predictability and stability of the law but also encroaches upon the legislative domain by effectively rewriting the statute to align with current policy preferences. In doing so, the majority fails to uphold our constitutional responsibility to interpret the law as it is written, thus compromising the integrity of both the judicial process and democratic accountability.",Reversed,"Justice Roberts: In reviewing the clerk's memo, I am reminded of the importance of adhering to the text and structure of the statute as the primary guide in our interpretation. While legislative intent and precedent are valuable, our role is to apply the law as it is written, ensuring fidelity to the Constitution and established legal principles. A restrained approach, focusing only on what is necessary to resolve the case at hand, will help preserve the Court's credibility and prevent overreach.
Justice Kavanaugh: As I reflect on the clerk's memo and the case at hand, I am inclined to emphasize the importance of the judge's role as an impartial umpire, as outlined in my judicial philosophy. Our primary duty is to interpret the statute based on its plain text and structure, ensuring that we remain anchored to the law as it is written. While legislative intent and precedent can provide context, they should not overshadow the statute's clear language, thereby preserving our constitutional responsibility and maintaining judicial restraint.
Justice Jackson: In considering the arguments presented in the clerk's memo, I recognize the importance of both statutory text and legislative intent in our judicial analysis. While I value originalism and the fixed meaning of the Constitution, it is essential to incorporate a comprehensive understanding of the broader legislative context and precedent to ensure our interpretations align with contemporary realities. Balancing these elements allows us to fulfill our duty to apply the law faithfully while considering its real-world implications.
Justice Gorsuch: In considering the clerk's memo and the arguments presented, I am reminded of the fundamental importance of adhering to the text and original meaning of the statute at hand. As a proponent of originalism and textualism, I believe our task is to discern how the law would have been understood at the time of its enactment, without being swayed by contemporary policy outcomes or subjective interpretations. While legislative intent and precedent can offer insight, they must not eclipse the statute's plain meaning, ensuring that we uphold the rule of law and respect the democratic process.
Justice Sotomayor: In reviewing the clerk's memo and the arguments presented by both parties, I am reminded of the necessity to meticulously analyze both the statutory text and the legislative intent to ensure a fair and comprehensive understanding of the law. While I appreciate Justice Gorsuch's commitment to textualism and Justice Jackson's emphasis on broader legislative context, my approach focuses on a thorough examination of the facts and the precedent to ground our interpretation in a way that remains faithful to the law's purpose and its practical implications. By delving deeply into the details of each case, we can ensure that our rulings are not only legally sound but also resonate with the lived realities they impact.
Justice Alito: In examining the clerk's memo and the arguments from both parties, I am reminded of the essential balance that must be struck between adhering to statutory text and considering the broader implications for fundamental rights, such as religious liberty. While the text of the statute is undoubtedly crucial, we must also remain vigilant to ensure that our interpretation does not inadvertently erode the freedoms or protections that align with our nation's foundational values. This case requires us to thoughtfully weigh both the legislative intent and the potential impact on individual rights, ensuring that our decision upholds both the letter and the spirit of the law.
Justice Thomas: In considering the clerk's memo and the arguments presented, my focus remains steadfast on the constitutional text and its original meaning as the ultimate guide for judicial decision-making. While statutory text and legislative intent have their places, our primary duty is to ensure that our interpretations align with the Constitution's original understanding, as it is the foundation of all statutory and legislative frameworks. Adherence to precedent should not deter us from correcting past errors that deviate from this fundamental principle.
Justice Kagan: In reviewing the clerk's memo and the arguments from both sides, it is crucial to strike a balance between statutory text and legislative intent while considering the broader implications for our democratic principles. While the letter of the law is important, we must ensure that our interpretation serves the broader purpose of the statute, particularly when it impacts fundamental rights and democratic participation. Our role is to interpret statutes in a manner that respects Congress's intent and supports the functioning and fairness of our democratic system.
Justice Barrett: In examining the clerk's memo alongside the arguments presented by both parties, my judicial philosophy emphasizes a commitment to textualism and originalism. It is imperative that we prioritize the precise language of the statutory text, as it reflects the legislature's intent at the time of enactment. While precedent and legislative intent provide useful context, our primary duty is to ensure that our interpretation remains faithful to the original understanding, maintaining fidelity to the rule of law and constitutional principles.","{'Roberts': 'AFFIRM', 'Kavanaugh': 'REVERSE', 'Jackson': 'AFFIRM', 'Gorsuch': 'REVERSE', 'Sotomayor': 'AFFIRM', 'Alito': 'REVERSE', 'Thomas': 'REVERSE', 'Kagan': 'REVERSE', 'Barrett': 'REVERSE'}"
1,2026 Court,Adversarial,4-5,"In delivering the opinion of the Court, we are tasked with addressing the profound legal and constitutional issues surrounding the Mississippi Gestational Age Act and its implications for the precedents set by Roe v. Wade and Planned Parenthood v. Casey. At the heart of our analysis is the question of whether the Constitution protects a right to abortion and whether such a right is deeply rooted in the nation's history and tradition. In line with our steadfast commitment to judicial restraint and minimalism, we approach this matter with a disciplined application of traditional legal methods, emphasizing the importance of adhering to the text, history, and structure of the Constitution.

The legal framework guiding our decision rests upon a methodical examination of the Constitution's language and its historical context. It is upon this foundation that we explore whether the right to an abortion is indeed an unenumerated right that is deeply embedded in our legal and cultural traditions. Our review underscores the absence of any explicit mention of abortion in the text of the Constitution, prompting a careful consideration of whether the authority to regulate abortion should be restored to the people and their elected representatives. This approach reinforces the constitutional separation of powers and respects the roles of different branches of government, ensuring that our judicial interpretations do not overstep the boundaries of our role as interpreters rather than creators of law.

In reaching our conclusion, we are guided by the principles of judicial minimalism and restraint, emphasizing the necessity of resolving only the specific legal issues before us. By returning the authority to regulate abortion to the states, we adhere to the original intent of the Constitution and preserve the integrity of our federalist system. This decision reflects our collective belief that the judiciary's role is not to impose policy preferences but to uphold the enduring principles enshrined in our constitutional framework. Through this ruling, we aim to provide clear and principled guidance to lower courts, ensuring that our legal system remains grounded in the rule of law and responsive to the democratic processes inherent in our nation's governance.","In dissenting from the majority's opinion, I find it imperative to emphasize that their decision strays dangerously from the foundational principles that ought to guide our judiciary. The majority's interpretation represents a troubling departure from both the text and the historical context of the Constitution, as well as the statutes in question. By prioritizing an overly narrow reading of the law, the majority fails to acknowledge the profound and ongoing impact of systemic inequities that our legal frameworks are meant to address and rectify. The Constitution, and indeed our judicial responsibility, demands that we consider the broader implications of our rulings on the progress towards equality and justice. To ignore these realities, as the majority does, is to turn a blind eye to the historical and social context that is inseparable from the text itself.

Furthermore, the majority's approach risks enshrining a rigid and static interpretation of the law, which ultimately undermines the judiciary's role as a dynamic arbiter of justice in a living society. By clinging to an inflexible originalism, the majority essentially advocates for a form of judicial restraint that paradoxically expands judicial discretion by allowing past prejudices to dictate present realities. This approach not only perpetuates existing disparities but also stifles the potential for legal evolution that aligns with contemporary understandings of justice and equality. Our duty as justices is not only to interpret the law as it was originally understood but to apply it in a manner that is cognizant of its impact on all citizens today. The decision of the majority fails to fulfill this critical obligation, and in doing so, it obstructs the path toward realizing the full promise of our Constitution.",Reversed,"Justice Roberts: In reviewing the clerk's memo, it is essential to emphasize the importance of adhering to established judicial principles and ensuring that our interpretations remain grounded in the text and historical context of the law. The potential for legal chaos, as highlighted, underscores the need for a disciplined application of traditional legal methods to avoid expanding judicial discretion unduly. As we proceed, our focus should be on resolving the specific issues at hand without overstepping the necessary boundaries of judicial review.
Justice Kavanaugh: In considering the clerk's memo and the concerns about the opposing side's interpretation, it is crucial to approach this case with a focus on judicial restraint and a commitment to the constitutional separation of powers. Our role as judges is to act as umpires, applying the law as it is written and respecting the framework set by the Constitution. The potential for legal chaos must be carefully weighed against the need to adhere to established legal precedents and the original intent of the statutory language.
Justice Jackson: In evaluating the clerk's memo and the arguments presented, it is imperative to approach this case with a clear and methodical judicial methodology. While I recognize the potential for legal chaos as outlined, our analysis must remain firmly rooted in the fixed meaning of the Constitution, ensuring that our interpretations are consistent with its original intent. By applying a disciplined and structured legal analysis, we can address the specific issues at hand without compromising the foundational principles of our judicial system.
Justice Gorsuch: In examining the clerk's memo and the arguments from the opposing side, we must remain steadfast in our commitment to originalism and textualism. The interpretation that threatens to lead to legal chaos seems to stray from the text and historical context of the law in question. Our duty is to apply the law as it was understood at the time of its enactment, ensuring that we do not impose our personal views or policy preferences but instead uphold the integrity and clarity of the legal framework established by our Constitution and statutes.
Justice Sotomayor: In assessing the clerk's memo and the opposing side's argument, it is crucial to meticulously analyze the legal precedents and factual circumstances surrounding this case. While the clerk raises concerns about potential legal chaos, our focus must remain on a thorough examination of the facts and adherence to established judicial principles, ensuring that our interpretation aligns with precedent without overstepping our judicial role. This methodical approach will allow us to navigate the complexities of the case while preserving the integrity of our judicial process.
Justice Alito: In evaluating the clerk's memo alongside the arguments presented by the opposing side, it is imperative to consider how the interpretation aligns with fundamental principles of religious liberty and constitutional rights. While the potential for legal chaos is concerning, our analysis should be grounded in a careful consideration of both the text and the historical context of the law, particularly as it pertains to safeguarding religious freedoms and respecting the balance of federalism. Upholding these values ensures that our judicial decisions do not inadvertently encroach upon essential liberties or disrupt the constitutional framework.
Justice Thomas: In considering the clerk's memo and the opposing side's argument, our focus should be on returning to the original meaning of the Constitution as understood at the time of its framing. If the interpretation presented by the opposition leads to legal chaos, it may indicate a departure from constitutional principles. We must be willing to reconsider precedents that do not align with the original intent, ensuring our decisions adhere to the Constitution's foundational truths and protect the liberties it enshrines.
Justice Kagan: In reviewing the clerk's memo and the arguments presented, my focus remains on the practical implications of our judicial decisions and the broader impact on statutory interpretation. While the memo highlights potential chaos, it is crucial that our analysis also considers the intent of Congress and the real-world effects of our rulings. We must strive for a balance that upholds the integrity of legislative frameworks while ensuring our interpretations are consistent with common sense and do not impose unwarranted burdens on governance or individual rights.
Justice Barrett: In reviewing the clerk's memo and considering the arguments presented, it is essential to adhere closely to the text of the Constitution and the original understanding of its framers. While the opposing side's interpretation is argued to lead to legal chaos, our focus must remain on ensuring that our decisions are firmly rooted in the textual and historical context. A faithful application of textualism and originalism will help us navigate these complexities, ensuring that we uphold the Constitution's enduring principles while providing clear guidance to lower courts.","{'Roberts': 'AFFIRM', 'Kavanaugh': 'AFFIRM', 'Jackson': 'REVERSE', 'Gorsuch': 'REVERSE', 'Sotomayor': 'AFFIRM', 'Alito': 'REVERSE', 'Thomas': 'REVERSE', 'Kagan': 'AFFIRM', 'Barrett': 'REVERSE'}"
2,2026 Court,Confirmational,6-3,"**Majority Opinion by Justice Roberts**

In this case, *Dobbs v. Jackson Women's Health Organization*, we are asked to consider whether the Constitution protects a right to abortion and whether prior decisions, specifically *Roe v. Wade* and *Planned Parenthood v. Casey*, should be overruled. At the heart of our deliberation is the question of whether the right to an abortion is ""deeply rooted in this Nation's history and tradition"" and thus qualifies as an unenumerated right under the Constitution. Our decision today reflects a disciplined adherence to traditional legal methods, emphasizing the importance of text, structure, and history. We have consistently maintained that the role of the judiciary is not to legislate from the bench but to interpret the law as it stands, ensuring our rulings are grounded in the original meaning and framework of the Constitution.

The Mississippi Gestational Age Act, which prohibits almost all abortions after 15 weeks of pregnancy, challenges us to reconsider the foundations of *Roe* and *Casey*. Our analysis reaffirms the principle that the Constitution does not explicitly mention abortion. Historical evidence suggests that the right to an abortion is not deeply rooted in the Nation's traditions. As such, it is not within this Court's purview to recognize abortion as a constitutional right absent a clear mandate from the text or history. The principles of judicial restraint and minimalism compel us to decide only what is necessary to resolve the case at hand, respecting the democratic process and allowing the people and their elected representatives to address the regulation of abortion.

In rendering this decision, we underscore the importance of adhering to the Constitution's original meaning while acknowledging the evolving societal landscape. While precedent is a vital component of our legal system, it is not an inexorable command. When a precedent is egregiously wrong, as we find *Roe* to be, it is our duty to correct the course. This decision returns the authority to regulate abortion to the States and their legislatures, consistent with the principle of structural federalism. By doing so, we respect the democratic principles that underpin our legal system, ensuring that our rulings remain both principled and reflective of the Constitution's enduring values.","In this case, the majority errs fundamentally by adhering too rigidly to a textualist and originalist interpretation of the Constitution, thereby neglecting the broader societal and historical context in which our legal precedents and principles operate. The insistence on interpreting the law solely as it was understood at the time of its framing undermines the dynamic and evolving nature of constitutional jurisprudence, which must account for the significant social progress and shifts in societal norms since the Constitution's inception. By prioritizing a static interpretation, the majority disregards the Constitution's capacity to adapt to contemporary challenges, thereby stifling the very essence of justice and equality that it is meant to protect. In this case, their decision fails to address the real-world implications of its ruling, particularly in terms of perpetuating systemic injustices that the Constitution, through its amendments and evolving jurisprudence, seeks to rectify. 

Furthermore, the majority's reliance on historical precedents without adequately considering their present-day impact is deeply problematic. The Constitution was designed to be a living document, one that evolves with the nation's moral and ethical progress. By clinging to outdated interpretations, the majority effectively obstructs the path toward a more equitable society. This approach is particularly detrimental in cases where the status quo perpetuates discrimination or inequality, as it prevents the Court from fulfilling its role as a protector of rights and freedoms for all citizens. This dissent highlights the necessity of a more nuanced legal analysis—one that considers the broader context and implications of our decisions, thereby ensuring that our rulings not only adhere to constitutional principles but also promote justice and equality in a modern and diverse society.",Affirmed,"Justice Roberts: The memo thoroughly aligns with my judicial philosophy, emphasizing a disciplined adherence to traditional legal methods, including the importance of text, structure, and history. It provides a robust foundation for ruling in a manner consistent with established precedents and the constitutional hierarchy. As always, I am committed to exercising judicial restraint, ensuring that we decide only what is necessary to resolve the case at hand, thereby upholding the integrity and impartiality of our judicial system.
Justice Kavanaugh: In reviewing the clerk's confirmational memo, I find it aligns well with my judicial philosophy of interpreting the law as an impartial umpire. The emphasis on historical precedents and textual analysis resonates with my commitment to a principled approach that respects the Constitution's original meaning and framework. This memo provides a sound basis for ensuring our decision remains grounded in the rule of law and judicial consistency.
Justice Jackson: As I review the clerk's confirmational memo, I appreciate its thorough reinforcement of historical citations and precedents that align with my judicial methodology. While I value originalism and recognize the Constitution's fixed meaning, I also emphasize the importance of a comprehensive legal analysis that considers the broader context and implications of our decisions. This memo strengthens our ability to ensure that our rulings are both principled and reflective of the evolving societal landscape within the bounds of constitutional interpretation.
Justice Gorsuch: As I review the clerk's confirmational memo, I am reassured by its robust reliance on historical citations and precedents that align well with my judicial philosophy of originalism and textualism. The memo underscores the importance of interpreting the law as it was understood at the time of its enactment, ensuring that we remain faithful to the Constitution's original meaning and structure. Our role is not to legislate from the bench but to apply the law as it stands, maintaining the integrity of the judicial process and respecting the democratic principles that underpin our legal system.
Justice Sotomayor: As I review the clerk's confirmational memo, I find it consistent with my approach of closely examining the facts and applying the law with precision, while respecting established precedents. This detailed reinforcement of historical citations aligns with my commitment to thoroughly understanding each case's unique context before reaching a decision. It is crucial that our rulings remain grounded in the law and attentive to the nuanced realities presented by the facts.
Justice Alito: As I review the clerk's confirmational memo, I am encouraged by its reinforcement of principles that resonate with my judicial philosophy, particularly in areas concerning religious liberty and the rights of defendants. The memo's reliance on historical precedents affirms the necessity of safeguarding these fundamental freedoms while ensuring that the legal interpretations remain consistent with their foundational intents. It is imperative that our decisions reflect a balanced approach that respects both individual rights and the broader constitutional framework.
Justice Thomas: The clerk's memo provides a robust foundation for re-evaluating the case in light of the Constitution's original meaning, affirming my stance on the importance of revisiting erroneous precedents that stray from our founding principles. As justices, our duty is to interpret the Constitution as it was understood at the time of its framing, ensuring that we remain true to the Framers' intent and uphold the natural law foundations that undergird our legal system. This further solidifies my commitment to prioritizing constitutional fidelity over the mere adherence to precedent.
Justice Kagan: As I reflect on the clerk's confirmational memo, I am heartened by its reinforcement of the democratic principles that I hold dear, particularly in ensuring that our interpretations of statutes align with Congress's intent and the practical realities of our time. The memo's emphasis on safeguarding free and fair elections and upholding equal participation in our democracy is crucial, as these are foundational to our judicial responsibility. It is vital that our rulings not only respect historical precedents but also adapt to contemporary challenges, preserving the integrity and inclusivity of our legal system.
Justice Barrett: In reviewing the clerk's confirmational memo, I find it aligns well with my judicial philosophy of textualism and originalism. It underscores the necessity of adhering closely to the original meaning of constitutional and statutory texts, validating the importance of precedent only when it faithfully reflects these foundational interpretations. As we deliberate, our focus must remain on ensuring that our rulings are rooted in the text and historical context of the Constitution, rather than allowing contemporary interpretations to sway us from those enduring principles.","{'Roberts': 'AFFIRM', 'Kavanaugh': 'AFFIRM', 'Jackson': 'REVERSE', 'Gorsuch': 'AFFIRM', 'Sotomayor': 'AFFIRM', 'Alito': 'AFFIRM', 'Thomas': 'REVERSE', 'Kagan': 'AFFIRM', 'Barrett': 'REVERSE'}"
3,Drop Liberals Court (7 Justices),Neutral,1-6,"In the case of Dobbs v. Jackson Women's Health Organization, the Court is tasked with determining whether the Constitution protects a right to abortion and whether to overrule the precedents set by Roe v. Wade and Planned Parenthood v. Casey. The majority opinion, rooted in the principles of judicial restraint and fidelity to the constitutional framework, emphasizes the importance of adhering to traditional legal methodologies. The critical question before us is whether the right to an abortion is ""deeply rooted in this Nation's history and tradition,"" as required for an unenumerated right under the Constitution. The Mississippi Gestational Age Act, which prohibits most abortions after 15 weeks, challenges us to revisit the foundations of established precedents and assess their alignment with the text and historical context of the Constitution.

In reaching our decision, we prioritize a careful analysis of the statutory text and the structure of the Constitution, aligning with the principles of textualism and originalism that guide our judicial philosophy. The emphasis is placed on interpreting the statute as it was originally conceived, respecting the understanding of a reasonable reader at the time of enactment. While recognizing the significance of precedent, we are also mindful of the necessity to uphold the Constitution's original meaning. This approach ensures that our decision remains firmly anchored in the constitutional framework, avoiding subjective interpretations of legislative intent that may deviate from the foundational principles. Our commitment to judicial minimalism dictates that we decide only what is necessary to resolve the case at hand, ensuring that our decision reflects a balanced analysis that respects both the letter and the spirit of the law.

Ultimately, the majority concludes that the authority to regulate abortion should be returned to the people and their elected representatives. This decision reaffirms our dedication to structural federalism and the procedural rules that govern the scope of judicial review. By doing so, we maintain the integrity of the judicial process and protect against the unwarranted aggregation of judicial power. The Constitution, as a living document, must be interpreted in a manner that respects its original framework while allowing the democratic process to address evolving societal values and individual rights. In rendering this decision, we uphold our duty to interpret the Constitution and statutes according to their original meaning, ensuring fidelity to our constitutional principles and the rule of law.","In dissenting from the majority opinion, I firmly assert that the Court has erred in its approach by prioritizing an interpretation of the statute that strays from its plain and ordinary meaning as understood at the time of its enactment. The majority's decision to extend the statute's reach beyond its textual boundaries not only undermines the rule of law but also encroaches upon the legislative domain, effectively rewriting the statute to achieve a desired outcome. Such judicial overreach disregards the clear limitations of the judiciary's role and disrupts the delicate balance of powers by allowing courts, rather than Congress, to dictate policy. The statutory text, as it stands, does not support the majority's expansive reading, and this departure from textualism represents a troubling trend toward judicial activism that fails to respect the democratic process.

Moreover, the majority's reliance on legislative intent and broader societal implications to justify its ruling introduces a level of subjectivity that is incompatible with our duty to apply the law impartially. By focusing on perceived legislative purposes or societal trends, the majority risks imposing its own policy preferences under the guise of interpretation, which is a departure from the judicial restraint that should characterize our role. In doing so, the Court neglects to anchor its decision firmly within the constitutional framework and the historical context in which the statute was conceived. This decision not only sets a precarious precedent but also threatens to erode the stability and predictability of the law by allowing judicial interpretations to fluctuate with changing societal values, rather than remaining grounded in the Constitution and statutory text.",Reversed,"Justice Roberts: As Chief Justice, my approach to this case emphasizes the importance of adhering to the traditional legal methodologies that ensure judicial restraint and integrity. The clerk's memo adeptly outlines the core arguments from both sides, highlighting the petitioner's reliance on statutory text and the respondent's focus on legislative intent and precedent. In evaluating this case, I will prioritize a careful analysis of the text and structure of the statute in question, while also considering the historical context and established precedents to ensure that our decision aligns with the constitutional framework and maintains judicial minimalism.
Justice Kavanaugh: In reviewing the clerk's memo, I am reminded of the importance of approaching this case with the mindset of an umpire, applying the law impartially and without personal bias. The petitioner's focus on statutory text aligns with my view that the plain meaning of the text should guide our interpretation, but I also recognize the merit in considering the respondent's emphasis on legislative intent and precedent as essential elements in understanding the broader legal landscape. Our decision should reflect a balanced analysis that respects both the letter and the spirit of the law, ensuring fidelity to our constitutional principles.
Justice Gorsuch: In considering the clerk's memo and the arguments presented, I am drawn to the petitioner's emphasis on statutory text, which resonates with my commitment to textualism and originalism. It is crucial that we interpret the statute based on its text and the understanding of a reasonable reader at the time of enactment, without allowing subjective interpretations of legislative intent to cloud our judgment. However, we must also ensure that our decision is firmly rooted in the constitutional framework and respects the historical context in which the law was conceived.
Justice Alito: In considering the clerk's memo and the arguments presented, I am reminded of the need to balance a strict adherence to statutory text with an awareness of the broader implications for fundamental rights and liberties. While the petitioner's focus on statutory text is important, we must also be mindful of how our interpretation may impact religious freedom and other constitutional protections. Our decision should reflect a careful consideration of both the letter of the law and its potential effects on societal values and individual rights.
Justice Thomas: In reviewing the clerk's memo and the arguments presented, I am reminded of the primary duty to interpret the Constitution and statutes according to their original meaning. The petitioner's emphasis on statutory text aligns with my belief that we must adhere to the text as it was understood at the time of enactment, rather than relying on subsequent interpretations or intended purposes that may deviate from the original framework. It is imperative that we remain steadfast in our commitment to the Constitution, even if it requires revisiting and potentially overruling precedent that conflicts with this foundational understanding.
Justice Kagan: In reviewing the clerk's memo and the arguments from both sides, I find myself considering the balance between statutory interpretation and the practical implications of our rulings. While the petitioner's focus on the statutory text is crucial, it is equally important to consider the legislative intent and the potential impact on fundamental rights and societal values. Our role should be to ensure that our interpretation not only adheres to the legal text but also reflects a pragmatic understanding of its implications in the real world.
Justice Barrett: In reviewing the clerk's memo and the arguments presented by both sides, I am inclined to focus on the textualist and originalist principles that guide my judicial philosophy. The petitioner's emphasis on statutory text resonates with my commitment to interpreting the law as it was originally written and understood, which ensures fidelity to the Constitution's intended meaning. However, while maintaining this commitment, it is essential to consider how precedent can be reconciled with originalist principles to provide consistency and stability in the law.","{'Roberts': 'AFFIRM', 'Kavanaugh': 'REVERSE', 'Gorsuch': 'REVERSE', 'Alito': 'REVERSE', 'Thomas': 'REVERSE', 'Kagan': 'REVERSE', 'Barrett': 'REVERSE'}"
4,Drop Liberals Court (7 Justices),Adversarial,3-4,"In adjudicating Dobbs v. Jackson Women's Health Organization, we are tasked with determining the constitutional underpinnings of the right to abortion and whether the precedents set forth in Roe v. Wade and Planned Parenthood v. Casey should be overruled. Our decision is guided by the principles of judicial restraint and adherence to established legal methods, which emphasize fidelity to the text, history, and structure of the Constitution. The Mississippi law at issue, the Gestational Age Act, imposes restrictions on abortion after 15 weeks of pregnancy, prompting us to evaluate whether the right to abortion is deeply rooted in this Nation's history and tradition. We have concluded that the Constitution does not explicitly mention abortion, and the historical context does not support it as a deeply rooted unenumerated right. Thus, the authority to regulate abortion should return to the people and their elected representatives, allowing for a more democratic resolution of this contentious issue.

In reaching this conclusion, we are mindful of Justice Roberts' emphasis on the necessity of deciding cases on the narrowest grounds possible, thereby avoiding any unnecessary judicial overreach that might destabilize the legal framework. Justice Kavanaugh echoes this sentiment, underscoring the importance of adhering to clear and disciplined understandings of statutory and constitutional boundaries. Our role as impartial umpires is not to impose our personal beliefs but to interpret the law as it stands, ensuring that our decisions reflect a disciplined understanding of the Constitution. Justice Kagan further contributes to this rationale by stressing the need for clarity and coherence in our legal interpretations to preserve both statutory intent and foundational liberties. Together, we aim to uphold the integrity of the legal system while recognizing the limitations inherent in our judicial role.

Ultimately, our decision reflects a commitment to preserving the constitutional hierarchy and respecting the procedural rules that govern judicial review. By returning the authority to regulate abortion to the states, we acknowledge the importance of state sovereignty and the ability of the people, through their elected representatives, to navigate complex social and moral issues. This approach aligns with our judicial philosophy of minimalism and restraint, ensuring that our ruling is grounded in text, history, and structure, rather than subjective interpretation. In doing so, we reinforce the stability and predictability of our legal system, respecting the delicate balance between individual rights and democratic governance.","In my dissenting opinion, I respectfully but firmly disagree with the majority's interpretation, which, in my view, departs from the foundational principles of originalism that ought to guide our judicial deliberations. The majority's decision appears to be an overextension of judicial power, venturing beyond the clear text and original meaning of the relevant statutory and constitutional provisions. Such an approach not only risks undermining the stability and predictability of our legal framework but also threatens to erode the integrity of our constitutional governance. Our duty as justices, particularly those who adhere to originalism, is to interpret the law as it was understood at the time of its enactment, ensuring that our decisions reflect the original intent and meaning. By straying from these principles, the majority risks creating legal outcomes that are not only unpredictable but also inconsistent with the structure and purpose of the law as intended by its framers.

Moreover, the majority's ruling fails to adequately consider the broader implications for individual rights and liberties, which are paramount in our constitutional democracy. By adopting an interpretation that deviates from the original understanding, the majority risks infringing upon foundational liberties, particularly in areas where such rights have historically been protected with vigilance. As Justices committed to preserving the constitutional framework, we must ensure that our rulings not only reinforce legal stability but also protect essential freedoms. The opposing side's interpretation, if left unchecked, could lead to a slippery slope of legal inconsistency, undermining the very principles that have guided our nation since its inception. It is imperative that we anchor our decisions in the text, structure, and historical context of the law, preserving the integrity and predictability essential to our jurisprudence and safeguarding the liberties that are the bedrock of our constitutional order.",Reversed,"Justice Roberts: In reviewing the clerk's memo, I am reminded of the importance of adhering to established judicial principles and the discipline of traditional legal methods. It is crucial that we maintain fidelity to the text and structure of the law to avoid outcomes that could undermine the stability and predictability of our legal system. As we deliberate, we should be mindful of the potential for judicial overreach and strive to decide the case on the narrowest grounds necessary, ensuring that our decision aligns with the constitutional hierarchy and respects the limits of our judicial role.
Justice Kavanaugh: In reviewing the clerk's memo and considering Justice Roberts' comments, I am inclined to agree that we must prioritize adherence to established judicial principles and the text of the law. The opposing side's interpretation risks destabilizing the legal framework by diverging from these principles, which could lead to unpredictable and chaotic legal outcomes. Our role should be to act as impartial umpires, ensuring that our decisions are grounded in a clear and disciplined understanding of statutory and constitutional boundaries.
Justice Gorsuch: In reviewing the clerk's memo and the comments from my esteemed colleagues, I would emphasize the critical importance of adhering to the text, structure, and historical context of the law. The opposing side's interpretation seems to stray from these foundational principles, risking legal instability. As originalists, it is our duty to interpret the law as it was understood at the time of enactment, ensuring that our decisions reflect the original intent and meaning, thereby preserving the integrity of our constitutional framework.
Justice Alito: In reviewing the clerk's memo and considering the perspectives of my colleagues, I am reminded of the importance of balancing legal principles with practical implications. While adherence to established judicial doctrines is vital, we must also be mindful of how our decisions impact individual rights and liberties, particularly in areas such as religious freedom and expression. The opposing side's interpretation, if adopted, could indeed lead to legal inconsistency and infringe upon foundational liberties, thereby warranting cautious deliberation to ensure that our rulings reinforce both legal stability and the protection of essential freedoms.
Justice Thomas: In reviewing the clerk's memo, I find it crucial to emphasize our commitment to interpreting the Constitution according to its original meaning, as it provides the most reliable safeguard against arbitrary judicial interpretations. The opposing side's approach, as highlighted in the memo, appears to deviate significantly from the text and original intent of the Framers, which could lead to unpredictable legal outcomes and undermine the structural integrity of our constitutional governance. Our duty is to uphold the Constitution as it was understood at the time of its inception, ensuring that our rulings remain anchored in the foundational principles that have guided our nation.
Justice Kagan: In reviewing the clerk's memo, I am compelled to consider the necessity of maintaining clarity and coherence in our legal interpretations, ensuring they align with both the statutory framework and common sense. The opposing side's interpretation, as critiqued in the memo, risks creating legal instability and diverging from established precedents, which could disrupt the balance Congress intended. Our role is to interpret statutes in a manner that respects their purpose and practical application, safeguarding both the integrity of legislative intent and the foundational liberties inherent in our constitutional system.
Justice Barrett: In evaluating the clerk's memo, I find it essential to emphasize the importance of adhering to the text and the original meaning of the Constitution and statutory provisions. The opposing side's interpretation, as outlined in the memo, appears to stray from these principles, risking legal chaos and undermining the stability of our jurisprudence. Our role is to ensure that our legal decisions are firmly grounded in the original understanding, thereby preserving the integrity and predictability of our constitutional framework.","{'Roberts': 'AFFIRM', 'Kavanaugh': 'AFFIRM', 'Gorsuch': 'REVERSE', 'Alito': 'REVERSE', 'Thomas': 'REVERSE', 'Kagan': 'AFFIRM', 'Barrett': 'REVERSE'}"
5,Drop Liberals Court (7 Justices),Confirmational,3-4,"In the case of Dobbs v. Jackson Women's Health Organization, this Court is called upon to address whether the Constitution protects a right to abortion and whether the decisions in Roe v. Wade and Planned Parenthood v. Casey should be overruled. Our analysis begins with the text, structure, and history of the Constitution, which do not explicitly mention a right to abortion. We must adhere to the principle of judicial restraint, ensuring that our decision-making is firmly rooted in established legal principles and the original intent of the Framers. Our role is not to act as policymakers but as interpreters of the law, applying a minimal resolution necessary to address the legal questions presented.

The Mississippi Gestational Age Act, which prohibits most abortions after 15 weeks of pregnancy, challenges us to determine if the right to an abortion is ""deeply rooted in this Nation's history and tradition."" In line with the originalist and textualist approaches, we find that such a right is not deeply embedded in the fabric of our Nation's history and tradition. Therefore, the authority to regulate abortion should be returned to the people and their elected representatives, allowing for democratic deliberation and decision-making. This approach honors the intent of the Framers and maintains the integrity of judicial restraint by ensuring that our decisions are grounded in the Constitution as understood at the time of its enactment.

By returning the regulation of abortion to the states, we uphold the principles of structural federalism, allowing for a diverse array of policies that reflect the values and preferences of individual states and their citizens. This decision does not undermine the importance of precedent; rather, it acknowledges that when precedents are inconsistent with the Constitution's original meaning, it is our duty to correct course. In doing so, we preserve the integrity of our constitutional republic and reaffirm the judiciary's role as a guardian of the law, not a creator of rights unanchored in constitutional text or history.","In this dissenting opinion, I address the majority's decision, which I believe fundamentally misinterprets the Constitution and undermines the critical balance between individual liberties and governmental constraints. The majority has chosen to prioritize a modern interpretation of constitutional rights over the historically grounded understanding that has guided our legal system for centuries. This decision not only disregards the original intent of the Framers but also sets a dangerous precedent by extending judicial activism into realms that should be determined by the legislative process. By doing so, the majority risks eroding the foundational principles that have long protected religious liberty and the freedom of individuals to express their traditional beliefs without fear of censure or retribution. Such a departure from established legal principles threatens to marginalize those who adhere to traditional values and beliefs, relegating them to the fringes of society under the guise of progress.

Moreover, the majority's ruling reflects a troubling tendency to dismiss the importance of judicial restraint in favor of expansive interpretations that may not align with the text and original meaning of the Constitution. This approach undermines the integrity of our legal framework and disregards the necessity of maintaining consistency with historical precedents. The decision to override a well-established judicial standard, such as the intentional infliction of emotional distress as a legitimate tort, further illustrates the majority's willingness to sacrifice legal stability for transient societal shifts. In doing so, the Court not only compromises the judiciary's role as an impartial arbiter of the law but also risks encroaching upon the legislative domain, where such policy decisions rightly belong. It is imperative that we uphold our responsibility to interpret the Constitution faithfully, preserving the balance between progress and tradition that defines our republic.",Reversed,"Justice Roberts: The clerk's memo aligns well with my judicial philosophy, emphasizing the importance of adhering to the text, structure, and history of the Constitution while maintaining judicial restraint. It provides a strong basis for a decision grounded in established precedents, ensuring that we do not overstep our judicial boundaries. As we deliberate on this case, it is crucial to uphold these principles and focus on the minimal resolution necessary to address the legal questions presented.
Justice Kavanaugh: As I review the confirmational memo, it is evident that the historical citations and precedents provided align with my judicial philosophy of interpreting the law as an umpire rather than a policymaker. The memo reaffirms the necessity to adhere strictly to the text and structure of the Constitution, ensuring that our decision is firmly rooted in established legal principles. This approach not only honors the intent of the framers but also maintains the integrity of judicial restraint, aligning with the need for a minimalist resolution as highlighted by Justice Roberts.
Justice Gorsuch: The confirmational memo bolsters the approach of interpreting the law through a lens of originalism and textualism, ensuring our decision is grounded in the Constitution as understood at the time of its enactment. It is vital that we do not let personal convictions or potential policy outcomes guide our rulings but rather adhere to the text, structure, and historical context to uphold the true intent of the framers. This steadfast commitment to judicial restraint and due process reinforces the integrity of our legal system.
Justice Alito: In reviewing the confirmational memo, I find that it underscores my commitment to safeguarding religious liberty and ensuring a balanced approach that respects both historical precedent and the evolving context of our society. The citations provided reinforce the necessity of protecting traditional religious beliefs from being marginalized under the guise of progress, as was evident in my dissent in Obergefell. It is crucial that our rulings uphold the freedom of individuals to express their beliefs without fear of retribution, thereby preserving the foundational values of our Constitution.
Justice Thomas: The confirmational memo provides a robust foundation for reaffirming my commitment to originalism, emphasizing the importance of interpreting the Constitution as it was understood at the time of its framing. It is imperative that we do not allow erroneous precedents to overshadow the Constitution's original meaning, ensuring that our judgments are rooted in the fundamental principles intended by the Framers. This approach not only preserves the integrity of the judiciary but also respects the enduring framework of our constitutional republic.
Justice Kagan: In reviewing the confirmational memo, I am reminded of the importance of interpreting statutes in a way that aligns with congressional intent while maintaining practicality and common sense. Upholding these principles ensures that we respect the implicit delegation of authority to administrative agencies and preserve the integrity of legislative objectives. It is crucial that our decisions reflect a balanced interpretation that considers both statutory purpose and real-world implications, particularly in cases impacting fundamental democratic processes and individual rights.
Justice Barrett: In reviewing the confirmational memo, I find it affirmatively aligns with my commitment to textualism and originalism, reinforcing the necessity to interpret legal texts and the Constitution based on their original meanings. The memo provides a compelling argument for adhering to precedent when it aligns with the text's original intent, ensuring consistency and stability within our legal framework. As we deliberate, it is crucial to balance respect for precedent with the fundamental principles established by the Framers, thereby safeguarding the integrity of our constitutional order.","{'Roberts': 'AFFIRM', 'Kavanaugh': 'AFFIRM', 'Gorsuch': 'AFFIRM', 'Alito': 'REVERSE', 'Thomas': 'REVERSE', 'Kagan': 'REVERSE', 'Barrett': 'REVERSE'}"
6,Drop Conservatives Court (7 Justices),Neutral,4-3,"**Majority Opinion of the Court**

In rendering our decision in Dobbs v. Jackson Women's Health Organization, we have carefully considered the arguments presented by both parties, the statutory text of the Gestational Age Act, and the historical context that underpins the constitutional question before us. The legal question at hand is whether the Constitution protects a right to abortion and if the precedents set in Roe v. Wade and Planned Parenthood v. Casey should be overruled. Our analysis is guided by a commitment to judicial minimalism, focusing on the necessity of the case at hand and refraining from broader rulings that extend beyond the scope required to resolve the issue. While Roe and Casey have been longstanding precedents, it is imperative that we examine whether the right to an abortion is deeply rooted in our Nation's history and tradition, as required for recognizing unenumerated rights.

Upon reviewing the statutory text and the arguments in favor of and against the Mississippi law, it is evident that the Constitution does not explicitly mention the right to abortion. Our judicial philosophy emphasizes adherence to textualism and originalism, favoring a strict interpretation of the text as it stands and as understood at the time of its enactment. This approach is consistent with our duty to respect the separation of powers, ensuring that policy decisions remain within the purview of the legislative branch rather than the judiciary. By returning the authority to regulate abortion to the states and their elected representatives, we acknowledge the democratic process and the role of the people in determining the laws that govern their lives.

In conclusion, our decision reflects a balance between respect for established precedents and the recognition of our role as interpreters of the law, rather than policymakers. While acknowledging the societal and practical implications of our ruling, we affirm that the Constitution's original meaning and the statutory language enacted by Congress must guide our decisions. By overturning Roe v. Wade and Planned Parenthood v. Casey, we return the contentious issue of abortion regulation to the states, empowering them to legislate in accordance with the values and beliefs of their constituents. This decision upholds the principles of federalism and the democratic process, ensuring that the judicial branch remains faithful to its constitutional mandate and the rule of law.","In this case, the majority's decision regrettably overlooks the crucial interplay between statutory text and the broader historical and legislative context that sheds light on the true intention behind the law. While the majority emphasizes a strict adherence to the statutory text, this approach risks ignoring the nuanced and complex realities that necessitated the law's enactment in the first place. As Justice Sotomayor and I have emphasized, our judicial responsibility extends beyond mere textual examination; it requires a conscientious exploration of legislative intent and historical precedent to ensure that our interpretation aligns with the Constitution's enduring promise of justice and equality. By failing to engage with the full context, the majority decision marginalizes the broader societal implications and perpetuates an incomplete understanding of the law's purpose, ultimately obstructing our collective progress toward fulfilling the Constitution's foundational principles.

Moreover, the majority's decision fails to appreciate the dynamic role of the judiciary in addressing the evolving challenges that our society faces. In the past, the Court has recognized the importance of interpreting the law in a manner that is not only faithful to its text but also reflective of the broader societal needs and values. Our dissent underscores the necessity of a judicial approach that is both methodical and adaptable, engaging with the law's history and purpose to render decisions that promote justice and equity. The majority's rigid textualism diminishes our ability to respond to the pressing issues of our time, undermining the judiciary's role as a guardian of justice and a protector of the rights and freedoms enshrined in our Constitution. By embracing a more holistic interpretative approach, we honor our duty to uphold the rule of law while advancing a more just and equitable society.",Affirmed,"Justice Roberts: In reviewing the clerk's memo, I appreciate the balanced presentation of both the petitioner's focus on statutory text and the respondent's emphasis on legislative intent and precedent. It is crucial to maintain fidelity to the statutory text while considering the historical context and purpose behind the legislation. Our decision should reflect judicial restraint and minimalism, ensuring we do not extend beyond the necessary scope to resolve the case at hand, while also respecting the established doctrines and precedents that guide our judicial responsibilities.
Justice Kavanaugh: In reviewing the clerk's memo and considering the arguments presented, I find it essential to underscore the role of the judge as an umpire, adhering closely to the statutory text while being mindful of legislative intent. My judicial philosophy emphasizes the importance of interpreting the law as written, ensuring that we respect the separation of powers by refraining from injecting our own policy preferences. Therefore, while precedent and legislative history provide valuable context, our primary duty remains to uphold the Constitution and the clear mandates set forth by Congress.
Justice Jackson: In reviewing the clerk's memo and considering the arguments presented by both the petitioner and the respondent, I am reminded of the importance of a methodical approach to legal analysis. While I acknowledge the significance of the statutory text as a guiding factor in our decision-making, it is equally vital to consider the broader legislative intent and historical context to ensure that our interpretation aligns with the Constitution's fixed meaning. Judicial methodology that balances these elements can help us navigate the complexities of the case while adhering to our role in upholding the rule of law.
Justice Gorsuch: In reviewing the clerk's memo and the arguments presented by both parties, I am reminded of the importance of adhering to the principles of originalism and textualism. Our role as judges is to interpret the law based on its text and the understanding of a reasonable person at the time of its enactment, rather than our own policy preferences or the potential social consequences. While legislative intent and precedent can provide context, our primary duty is to apply the law as it is, ensuring fidelity to the Constitution's original meaning and the statutory language enacted by Congress.
Justice Sotomayor: In reviewing the clerk's memo and the arguments presented by both parties, I am reminded of the necessity to meticulously examine the facts and context of the case before us. While statutory text is undeniably significant, it is crucial to delve into the legislative intent and historical precedent to ensure a comprehensive understanding and application of the law. This approach aligns with my commitment to a detailed and thorough legal analysis that respects judicial precedent and maintains the integrity of our judicial role.
Justice Kagan: In reviewing the clerk's memo and the discussions from my colleagues, I find myself reflecting on the balance between statutory interpretation and legislative intent. While I appreciate the textual analysis underscored by Justice Gorsuch, I am inclined to consider the broader context and purpose behind the legislation, as highlighted by Justice Sotomayor. Our role is to faithfully apply the law, but in doing so, we must acknowledge the practical implications and societal impact of our decisions, ensuring that justice is served in a manner consistent with the foundational principles of our democracy.
Justice Barrett: In reviewing the clerk's memo and the comments from my esteemed colleagues, I am reminded of the critical importance of adhering closely to the statutory text, as it represents the most direct expression of legislative will. While understanding legislative intent and precedent is valuable, our primary duty is to interpret and apply the law as it is written. This approach ensures that we remain faithful to the Constitution and the original meanings of the statutes before us, thereby preserving the rule of law and maintaining judicial restraint.","{'Roberts': 'AFFIRM', 'Kavanaugh': 'AFFIRM', 'Jackson': 'REVERSE', 'Gorsuch': 'REVERSE', 'Sotomayor': 'REVERSE', 'Kagan': 'AFFIRM', 'Barrett': 'AFFIRM'}"
7,Drop Conservatives Court (7 Justices),Adversarial,2-5,"**Majority Opinion by Chief Justice Roberts**

In the case of Dobbs v. Jackson Women's Health Organization, we are tasked with determining whether the Constitution protects a right to abortion and whether the precedent set by Roe v. Wade and reaffirmed in Planned Parenthood v. Casey should be overruled. Central to this inquiry is whether the right to an abortion is ""deeply rooted in this Nation's history and tradition,"" as required for the recognition of unenumerated rights. After a thorough examination, we conclude that the Constitution does not confer a right to abortion, thus returning the authority to regulate abortion to the states and their elected representatives.

Our decision is grounded in a disciplined application of traditional legal methods, emphasizing fidelity to the Constitution’s text, structure, and historical context. As articulated in our jurisprudential approach, it is essential to exercise judicial restraint, deciding only what is necessary to resolve the matter before us. The Constitution is silent on the issue of abortion, and historical evidence does not support the assertion that a right to abortion is deeply rooted within our national traditions. Therefore, the authority to regulate abortion rightly belongs to the people and their elected officials, who are equipped to address this complex moral and policy issue in a manner that reflects the values and beliefs of their communities.

In reaching this conclusion, we are mindful of the importance of maintaining the integrity of our constitutional framework. It is not our role to impose our preferences or policy judgments but to apply the law faithfully and consistently. By adhering to this principle, we ensure the stability and coherence of our legal system while respecting the democratic process. The decision to overrule Roe and Casey does not reflect an undervaluation of the importance of reproductive rights but rather a commitment to our constitutional duty to interpret the law as it stands. The people, through their elected representatives, retain the power to legislate on this profoundly consequential issue, embodying the principles of federalism and democratic governance.","In today's case, the majority has strayed from the fundamental principles that ensure our judicial system remains a bastion of consistency and predictability. They have embraced an interpretation that not only risks undermining established legal precedents but also ventures dangerously close to judicial overreach. The role of this Court is not to legislate from the bench or to mold the law to fit contemporary societal trends, but to apply it as it stands, firmly rooted in the text, structure, and history of our foundational documents. By adopting a reading that diverges from the clear and ordinary meaning of the law, the majority has opened the door to legal chaos, disregarding the importance of judicial restraint and the necessity of adhering to the rule of law as understood at the time of enactment.

Moreover, the majority's decision appears to disregard the need for democratic accountability, a cornerstone of our constitutional framework. By interpreting the law in such a manner, the Court has effectively bypassed the legislative process, where changes to the law should rightfully occur. This approach not only disrespects the separation of powers but also diminishes the role of the people's elected representatives in shaping policy. While the majority might be motivated by a desire to achieve a certain outcome, such a course of action compromises the integrity of our judicial system and sets a precarious precedent for future cases. It is imperative that we maintain a disciplined and coherent interpretation of the law, one that respects both the text and the original intent, thus preserving the stability and predictability essential to a just legal system.",Reversed,"Justice Roberts: In reviewing the clerk's memo, it is crucial that we carefully assess whether the opposing side's interpretation indeed risks undermining established judicial principles and leading to legal disorder. Our jurisprudence should remain anchored in the discipline of traditional legal methods, ensuring that our decisions reflect fidelity to the text, structure, and history of the law. As we proceed, let's focus on exercising judicial restraint, deciding only what is necessary to resolve the case before us while maintaining the integrity of our constitutional framework.
Justice Kavanaugh: In reviewing the clerk's memo, I am inclined to agree that a careful examination of the opposing side's interpretation is necessary to ensure it aligns with established judicial principles. As judges, our role is akin to that of an umpire, ensuring that the law is applied consistently and predictably. We must prioritize a clear and coherent interpretation that preserves the rule of law and avoids any potential for judicial overreach or legal chaos.
Justice Jackson: In considering the clerk's memo, I find it pivotal to employ a rigorous judicial methodology that examines the text and historical context of the law in question. While I recognize the potential for the opposing interpretation to disrupt established legal principles, our approach must also be cognizant of the Constitution's fixed meaning. Our role is to ensure that our analysis is both disciplined and grounded in a logical framework that respects the original intent of the law, aiming to safeguard the coherence and integrity of our legal system.
Justice Gorsuch: In reviewing the clerk's memo and the comments from my fellow Justices, I am reminded of our duty to interpret the law as it was understood at the time of its enactment. The opposing side's interpretation, if it indeed leads to legal chaos and strays from established judicial principles, demands rigorous scrutiny through the lens of originalism and textualism. Our task is not to impose our own policy preferences but to apply the law faithfully, ensuring that any interpretation aligns with the Constitution's original meaning and the literal text of the statutes in question.
Justice Sotomayor: In reviewing the clerk's memo, I am compelled to emphasize the importance of a thorough examination of the facts and the law as they pertain to this case. While the potential for the opposing interpretation to lead to legal chaos is indeed concerning, my focus remains on a detailed analysis of the case's specific circumstances and the applicable legal precedents. It is crucial that our decision rests not on abstract philosophical doctrines but on a meticulous and objective application of the law to the facts before us.
Justice Kagan: In considering the clerk's memo, I find it essential to weigh both the statutory framework and the pragmatic implications of the opposing side's interpretation. While Justice Gorsuch's emphasis on originalism provides a valuable lens, it is equally important to recognize how our decision will affect real-world applications and the lived experiences of those subject to the law. Our role is to ensure that our interpretations not only respect the text and historical context but also serve the broader purpose of justice and common sense in today's society.
Justice Barrett: In considering the clerk's memo, I am reminded of the importance of adhering to textualism and originalism as guiding principles in our judicial duties. While the memo highlights potential chaos from the opposing side's logic, our task is to ensure that our interpretation remains rooted in the original meaning of the constitutional and statutory texts. It is imperative that we reconcile this meaning with established precedents, ensuring a stable and principled application of the law.","{'Roberts': 'AFFIRM', 'Kavanaugh': 'REVERSE', 'Jackson': 'REVERSE', 'Gorsuch': 'REVERSE', 'Sotomayor': 'AFFIRM', 'Kagan': 'REVERSE', 'Barrett': 'REVERSE'}"
8,Drop Conservatives Court (7 Justices),Confirmational,3-4,"In considering the case of Dobbs v. Jackson Women's Health Organization, the Court is tasked with examining whether the Constitution protects a right to abortion and the implications of potentially overruling prior decisions, including Roe v. Wade and Planned Parenthood v. Casey. Our analysis is grounded in the text, structure, and history of the Constitution, recognizing the importance of adhering to established legal precedents and the constitutional framework. The Mississippi law at issue, the Gestational Age Act, challenges the existing precedent by prohibiting most abortions after 15 weeks of pregnancy. As we consider the historical context and constitutional text, it becomes evident that the right to an abortion is not explicitly mentioned in the Constitution. Therefore, our review must focus on whether such a right is deeply rooted in the nation's history and tradition, which is a requisite for recognizing unenumerated rights.

The opinions of Justices Jackson and Kagan highlight the necessity of a disciplined judicial methodology that respects the fixed meaning of the Constitution and acknowledges the value of originalism. While our interpretations must remain grounded in constitutional text and history, we also recognize the importance of considering the broader implications of our rulings. The historical citations and precedents within the confirmational memo provide valuable context, yet our role is to ensure that our interpretation aligns with common sense and the lived realities of those it affects. Upholding democratic principles requires a balanced approach that respects congressional intent and practical application, while being mindful of the judiciary's responsibility to provide equal justice under law.

In conclusion, the Court holds that the Constitution does not confer a right to abortion, and the authority to regulate abortion should be returned to the people and their elected representatives. This decision reflects our commitment to judicial restraint and the careful application of established decisional rules, ensuring that our decisions do not extend beyond what is necessary to resolve the case at hand. By adhering to text, structure, and history, we uphold the integrity of our judicial process and reinforce the Court's role in providing equal justice, respecting both the constitutional framework and the diverse realities that influence our interpretations.","In this case, the majority’s decision to extend liability under the Alien Tort Statute (ATS) to Exxon Mobil for alleged human rights violations in Indonesia represents a significant departure from the statute's original intent and established judicial precedent. The ATS was enacted in 1789 as a limited jurisdictional statute, intended to address a narrow set of violations recognized under international law at that time. The majority's interpretation effectively transforms the ATS into a vehicle for addressing a broad array of modern human rights abuses, which is a role that Congress has not clearly authorized. By expanding the scope of the ATS to include corporations like Exxon Mobil, the majority disregards the principle of separation of powers, stepping into the legislative domain where Congress alone has the authority to define the jurisdictional reach of U.S. courts.

Moreover, this decision undermines the principle of judicial restraint, which requires judges to interpret laws based on their text and original meaning, rather than infusing them with modern policy considerations. The majority's approach risks creating a precedent where courts could be used to adjudicate complex international disputes without clear legislative guidance, potentially resulting in diplomatic tensions and judicial overreach. Such a broad and transformative interpretation of the ATS not only stretches beyond its historical purpose but also contravenes the judicial role as interpreters of the law, not as policymakers. It is Congress, not the judiciary, that should address any perceived gaps in the law concerning human rights and corporate accountability. Thus, I respectfully dissent from the majority’s decision, as it strays from the text and intent of the ATS and circumvents the Constitution’s framework for lawmaking.",Reversed,"Justice Roberts: The confirmational memo aligns well with my judicial philosophy, emphasizing the importance of adhering to established legal precedents and the constitutional framework. It is essential to maintain a disciplined approach grounded in text, structure, and history, ensuring that our decisions do not extend beyond what is necessary to resolve the case at hand. Upholding these principles not only safeguards the integrity of our judicial process but also reinforces the Court's role in providing equal justice under the law.
Justice Kavanaugh: In reviewing the confirmational memo, I find it deeply resonant with my judicial philosophy, which emphasizes the role of a judge as an umpire who applies the law as it is written, rather than as one might wish it to be. The historical citations and precedents provided within the memo reinforce the necessity of a disciplined approach, focusing on textualism and respecting the original meaning of the Constitution. This ensures that our rulings maintain fidelity to the constitutional framework and uphold the principles of limited judicial intervention.
Justice Jackson: As I consider the case and the confirmational memo, I am reminded of the importance of a rigorous judicial methodology that respects the fixed meaning of the Constitution. The historical citations and precedents within the memo align with a disciplined approach that acknowledges the value of originalism. While I may not ascribe to a single judicial philosophy, it is crucial that our interpretations remain grounded in constitutional text and history, ensuring that justice is applied consistently and equitably.
Justice Gorsuch: As I reflect on the confirmational memo, it is evident that the adherence to originalism and textualism is paramount in ensuring our judiciary remains a faithful steward of the Constitution. The historical citations and precedents reinforce the necessity of interpreting laws as they were understood at the time of their enactment, which aligns with my belief in grounding decisions in the text, structure, and history to maintain judicial integrity. This disciplined approach is critical in preserving the balance of power and preventing judicial overreach, thereby honoring the democratic process.
Justice Sotomayor: As I assess the case and the confirmational memo, it is imperative to delve deeply into the specific facts and nuances presented, ensuring that our decision is meticulously anchored in both precedent and the factual intricacies at hand. While the historical citations provide valuable context, our role is to apply the law with precision, avoiding broad ideological strokes, and focusing instead on a detailed examination of the case to uphold justice and equity. This approach not only respects the legal framework but also acknowledges the diverse realities that influence our interpretations.
Justice Kagan: In reviewing the case and the confirmational memo, I am reminded of the importance of interpreting statutes in a manner that respects both congressional intent and practical application. While the historical citations and precedents provide valuable context, our role is to ensure that our interpretation of the law aligns with common sense and the lived realities of those it affects. It is crucial to maintain a balanced approach that respects the judiciary's responsibility to uphold democratic principles while being mindful of the broader implications of our rulings.
Justice Barrett: In assessing the case and the confirmational memo, I am guided by my commitment to textualism and originalism, focusing on the precise meanings of the constitutional and statutory texts at issue. The historical citations and precedents in the memo bolster the need to adhere closely to these texts, ensuring that our decision remains faithful to the original understanding at the time of enactment. While respecting the insights of my colleagues, it is essential to ground our judgment in the objective meaning of the law, avoiding subjective interpretations that could extend beyond the text’s intended scope.","{'Roberts': 'AFFIRM', 'Kavanaugh': 'REVERSE', 'Jackson': 'AFFIRM', 'Gorsuch': 'REVERSE', 'Sotomayor': 'REVERSE', 'Kagan': 'AFFIRM', 'Barrett': 'REVERSE'}"
